Cruise,CTD Station,Site Name,Date,Time,TimeJ,Temperature,Conductivity,Pressure,Sbeox0,Sbeox0PS,Turbidity ,Fluorescence,AltM,Salinity,DepSM,Latitude,Longitude,Niskin Bottle,Phosphate,Silicate,Nitrate and Nitrite  ,Ammonium ,Total Alkalinity ,Total Alkalinity (standard deviation) ,pH,Dissolved Inorganic Carbon,Dissolved Inorganic Carbon (Standard Deviation) ,Calcite Saturation State,Aragonite Saturation State,Fraction Modern,Fraction Modern (error),Conventional Radiocarbon Age,Conventional Radiocarbon Age (error),delta-C-13,Delta-C-14
SH-18-12,3,West Daisy Bank,10/15/18,4:55:59,288.205542,5.9122,33600,355.374,1.442,14.486,0.2741,0.0004,3.43,34.075,352.198,44.6652,-124.8028,1,-9999,-9999,-9999,-9999,-9999,-9999,-9999,-9999,-9999,-9999,-9999,-9999,-9999,-9999,-9999,-9999,-9999
SH-18-12,3,West Daisy Bank,10/15/18,4:56:02,288.205576,5.915,33600,354.757,1.4564,14.632,0.2877,-0.0068,3.87,34.075,351.586,44.6652,-124.8028,2,2.82,48.84,34.75,<0.019,2324.58963,7.82886,-9999,2142.36,0.74,3.02,1.91,0.9268,0.0019,610,15,-0.53,-80.82
SH-18-12,3,West Daisy Bank,10/15/18,5:00:19,288.208549,8.028,35300,200.083,3.2269,33.999,0.1247,-0.0203,96.13,33.936,198.369,44.6652,-124.8028,3,2.32,38.83,28.64,0.02,2275.78479,0.76003,-9999,2081.31,0.59,3.22,2.04,0.9913,0.0019,70,15,-0.5,-16.85
SH-18-12,3,West Daisy Bank,10/15/18,5:02:21,288.20996,8.3846,35600,151.366,3.4224,36.338,0.1414,-0.0041,98.85,33.893,150.087,44.6652,-124.8028,4,2.19,30.71,27.83,<0.019,2268.81027,0.30401,-9999,2081.81,0.64,3.11,1.97,0.9953,0.0021,40,15,-0.47,-12.83
SH-18-12,3,West Daisy Bank,10/15/18,5:04:55,288.211744,8.5705,35700,101.213,3.4686,36.965,0.0932,0.0039,76.97,33.823,100.37,44.6652,-124.8028,5,2.24,35.85,28.21,<0.019,2272.69532,3.95318,-9999,2125.07,0.73,2.74,1.74,0.9961,0.0021,30,15,-0.52,-12.09
SH-18-12,3,West Daisy Bank,10/15/18,5:06:44,288.213005,9.4253,36100,49.551,5.4842,59.443,0.0575,0.1831,77.45,33.515,49.145,44.6652,-124.8028,6,1.75,23.82,21.44,0.03,2257.67004,1.93455,-9999,2092.83,0.74,2.97,1.89,0.9963,0.0021,30,15,-0.13,-11.84
SH-18-12,3,West Daisy Bank,10/15/18,5:08:41,288.214355,10.2212,36000,30.375,8.075,88.574,0.0896,0.9779,66.63,32.664,30.127,44.6652,-124.8028,7,0.86,7.32,6.92,0.26,2213.16313,0.36522,-9999,2019.4,0.77,3.44,2.19,0.9923,0.002,60,15,0.89,-15.85
SH-18-12,3,West Daisy Bank,10/15/18,5:10:19,288.215493,12.2451,37700,9.226,8.4948,97.225,0.1238,1.5147,98.85,32.557,9.151,44.6652,-124.8028,8,0.54,4.95,2.85,0.21,2207.22785,2.50809,-9999,2017.45,0.82,3.37,2.15,0.9925,0.0019,60,15,1.18,-15.66
SH-18-12,3,West Daisy Bank,10/15/18,5:10:26,288.215576,12.3381,37800,9.386,8.4993,97.459,0.1221,1.4723,91,32.545,9.31,44.6652,-124.8028,9,-9999,-9999,-9999,-9999,-9999,-9999,-9999,-9999,-9999,-9999,-9999,-9999,-9999,-9999,-9999,-9999,-9999
SH-18-12,1,Daisy Bank 1,10/12/18,11:14:33,285.468436,8.3313,35600,161.352,3.1183,33.072,0.1582,-0.0033,9.47,33.903,159.985,44.6404,-124.7503,3,2.27,37.62,29.39,0.03,2277.70441,3.90481,-9999,2159.11,1.53,2.23,1.41,0.9904,0.0024,80,20,-9999,-17.75
SH-18-12,1,Daisy Bank 1,10/12/18,11:21:53,285.473521,8.6328,35800,100.838,3.9282,41.931,0.1377,0.0218,63.19,33.863,99.998,44.6404,-124.7503,4,2.12,33.24,27.49,<0.019,2268.57141,0.03378,-9999,2072.48,0.59,3.32,2.1,0.9916,0.0021,70,15,-9999,-16.51
SH-18-12,1,Daisy Bank 1,10/12/18,11:24:09,285.4751,9.1878,36000,50.106,5.0332,54.305,0.0503,0.0697,64.27,33.616,49.695,44.6404,-124.7503,5,1.87,24.62,22.74,0.07,2250.21552,0.84447,-9999,2062.98,0.01,3.23,2.05,1.0013,0.0025,>Modern,-9999,-9999,-6.86
SH-18-12,1,Daisy Bank 1,10/12/18,11:25:35,285.476092,10.6586,36600,30.14,7.6615,84.939,0.0668,0.9468,63.09,32.851,29.894,44.6404,-124.7503,6,1.05,10.12,9.98,0.32,2222.05534,2.97342,-9999,2041.37,1.06,3.17,2.01,0.9948,0.0022,40,20,-9999,-13.39
SH-18-12,1,Daisy Bank 1,10/12/18,11:26:43,285.476875,14.3547,39300,9.214,8.2379,98.286,0.138,1.4706,62.19,32.259,9.14,44.6404,-124.7503,7,0.29,3.26,0.32,0.03,2203.78902,3.38882,-9999,2009.25,1.21,3.44,2.19,0.9921,0.0021,65,15,-9999,-16.04
SH-18-12,2,Daisy Bank 2,10/12/18,22:45:17,285.948109,6.9674,34500,286.846,2.2281,22.928,0.3984,0.0024,5.05,34.021,284.329,44.6355,-124.7573,1,2.54,46.34,31.85,0.02,-9999,-9999,-9999,-9999,-9999,-9999,-9999,-9999,-9999,-9999,-9999,-9999,-9999
SH-18-12,2,Daisy Bank 2,10/12/18,22:45:29,285.948241,6.945,34500,286.494,2.2106,22.737,0.4431,-0.0004,5.24,34.022,283.982,44.6355,-124.7573,2,-9999,-9999,-9999,-9999,-9999,-9999,-9999,-9999,-9999,-9999,-9999,-9999,-9999,-9999,-9999,-9999,-9999
SH-18-12,2,Daisy Bank 2,10/12/18,22:49:01,285.950703,7.9307,35300,205.037,2.9185,30.685,0.1512,-0.0188,98.85,33.954,203.278,44.6355,-124.7573,3,0.36,4.07,0.93,0.03,-9999,-9999,-9999,-9999,-9999,-9999,-9999,-9999,-9999,-9999,-9999,-9999,-9999
SH-18-12,2,Daisy Bank 2,10/12/18,22:49:09,285.950797,7.9244,35300,205.417,2.9241,30.74,0.1627,-0.02,98.85,33.954,203.655,44.6355,-124.7573,4,-9999,-9999,-9999,-9999,-9999,-9999,-9999,-9999,-9999,-9999,-9999,-9999,-9999,-9999,-9999,-9999,-9999
SH-18-12,2,Daisy Bank 2,10/12/18,22:54:03,285.954195,11.1492,36900,22.468,7.9556,89.081,0.0752,1.0188,98.85,32.76,22.285,44.6355,-124.7573,5,0.84,7.59,7.12,0.49,-9999,-9999,-9999,-9999,-9999,-9999,-9999,-9999,-9999,-9999,-9999,-9999,-9999
SH-18-12,2,Daisy Bank 2,10/12/18,22:54:07,285.954245,11.0639,36900,22.286,7.9546,88.917,0.0733,0.9979,84.48,32.778,22.105,44.6355,-124.7573,6,-9999,-9999,-9999,-9999,-9999,-9999,-9999,-9999,-9999,-9999,-9999,-9999,-9999,-9999,-9999,-9999,-9999
SH-18-12,2,Daisy Bank 2,10/12/18,22:55:33,285.955238,14.1686,39200,1.504,8.4398,100.349,0.1619,1.485,4.61,32.311,1.491,44.6355,-124.7573,7,0.37,3.89,0.85,0.09,-9999,-9999,-9999,-9999,-9999,-9999,-9999,-9999,-9999,-9999,-9999,-9999,-9999
SH-18-12,2,Daisy Bank 2,10/12/18,22:55:40,285.955319,14.1682,39200,1.668,8.4253,100.175,0.1581,1.4768,3.04,32.311,1.654,44.6355,-124.7573,8,-9999,-9999,-9999,-9999,-9999,-9999,-9999,-9999,-9999,-9999,-9999,-9999,-9999,-9999,-9999,-9999,-9999
SH-18-12,5,Bandon High,10/17/18,1:12:17,290.050195,6.5471,34200,372.107,2.2295,22.724,0.3517,-0.0126,5.29,34.034,368.825,42.9301,-124.9059,1,-9999,-9999,-9999,-9999,-9999,-9999,-9999,-9999,-9999,-9999,-9999,-9999,-9999,-9999,-9999,-9999,-9999
SH-18-12,5,Bandon High,10/17/18,1:27:23,290.060677,11.1497,37500,10.119,7.9649,89.494,0.1827,2.3549,85.06,33.302,10.038,42.9301,-124.9059,9,-9999,-9999,-9999,-9999,-9999,-9999,-9999,-9999,-9999,-9999,-9999,-9999,-9999,-9999,-9999,-9999,-9999
SH-18-12,6,Brush Patch,10/18/18,2:06:25,291.087778,4.8885,32900,571.84,0.5946,5.835,0.0773,-0.0024,3.81,34.191,566.578,41.8975,-124.8473,1,-9999,-9999,-9999,-9999,-9999,-9999,-9999,-9999,-9999,-9999,-9999,-9999,-9999,-9999,-9999,-9999,-9999
SH-18-12,6,Brush Patch,10/18/18,2:06:26,291.087799,4.8869,32900,571.822,0.5885,5.775,0.0701,0.0034,3.96,34.192,566.56,41.8975,-124.8473,2,3.24,85.89,39.23,0.03,2348.68051,0.2001,-9999,2170.32,49.96,2.77,1.76,0.8687,0.002,1130,20,-9999,-138.45
SH-18-12,6,Brush Patch,10/18/18,2:09:41,291.090056,5.4883,33300,454.94,1.2658,12.591,0.0407,-0.0051,80.36,34.083,450.88,41.8975,-124.8473,3,3.05,72.79,38.02,<0.019,2326.4038,1.01468,-9999,2168.39,0.83,2.58,1.63,0.9108,0.0022,750,20,-9999,-96.68
SH-18-12,6,Brush Patch,10/18/18,2:12:41,291.092137,5.9344,33600,353.114,2.0402,20.497,0.0455,-0.0083,98.85,34.013,350.048,41.8975,-124.8473,4,2.8,60.38,34.56,0.02,2302.7633,0.42224,-9999,2190.97,1.24,2.04,1.29,0.9366,0.002,525,15,-9999,-71.1
SH-18-12,6,Brush Patch,10/18/18,2:15:36,291.094163,6.9095,34400,252.806,3.1554,32.416,0.0465,-0.0128,98.85,33.966,250.672,41.8975,-124.8473,5,2.38,48.1,31.56,0.04,2288.20518,0.60802,-9999,2138.74,0.61,2.57,1.63,0.974,0.0024,210,20,-9999,-33.99
SH-18-12,6,Brush Patch,10/18/18,2:18:14,291.095985,7.9676,35200,151.121,4.6431,48.849,0.0567,-0.0397,98.85,33.922,149.882,41.8975,-124.8473,6,1.89,30.47,24.84,<0.019,2273.99339,0.52357,-9999,2095.09,0.92,3.04,1.93,1.0009,0.0024,>Modern,-9999,-9999,-7.29
SH-18-12,6,Brush Patch,10/18/18,2:20:11,291.097349,8.6751,35600,99.199,5.2188,55.686,0.0551,-0.0163,98.85,33.657,98.398,41.8975,-124.8473,7,1.75,26.05,22.05,0.03,2262.85137,0.50625,-9999,2078.56,1.62,3.15,2,1.0057,0.0029,>Modern,-9999,-9999,-2.54
SH-18-12,6,Brush Patch,10/18/18,2:22:12,291.09874,11.3418,37400,49.806,7.8016,87.874,0.0727,0.4898,98.85,33.045,49.41,41.8975,-124.8473,8,0.97,8.94,9.2,0.42,2232.33971,2.38999,-9999,2045.05,1.06,3.26,2.07,1.0022,0.0024,>Modern,-9999,-9999,-6.04
SH-18-12,6,Brush Patch,10/18/18,2:23:27,291.099608,13.5038,39100,29.782,8.1859,96.321,0.1393,1.804,98.85,32.816,29.547,41.8975,-124.8473,9,0.55,4.68,4.22,0.16,2216.84768,0.42224,-9999,2026.76,0.62,3.34,2.13,0.9988,0.0023,10,20,-9999,-9.42
SH-18-12,6,Brush Patch,10/18/18,2:24:46,291.10053,14.5021,40000,10.074,8.1596,97.922,0.1589,1.8468,98.85,32.722,9.995,41.8975,-124.8473,10,0.37,2.99,1.07,0.05,2211.64067,0.65869,-9999,2009.71,1.07,3.54,2.26,1.0012,0.0028,>Modern,-9999,-9999,-7.05
SH-18-12,6,Brush Patch,10/18/18,2:24:48,291.100548,14.5255,40000,9.889,8.1456,97.798,0.1393,1.8785,98.85,32.719,9.812,41.8975,-124.8473,11,-9999,-9999,-9999,-9999,-9999,-9999,-9999,-9999,-9999,-9999,-9999,-9999,-9999,-9999,-9999,-9999,-9999
SH-18-12,7,Mendocino,10/19/18,23:26:57,292.977045,6.5394,34200,347.448,1.8692,19.053,0.0478,-0.0218,4.9,34.066,344.487,40.2873,-124.6913,1,-9999,-9999,-9999,-9999,-9999,-9999,-9999,-9999,-9999,-9999,-9999,-9999,-9999,-9999,-9999,-9999,-9999
SH-18-12,7,Mendocino,10/19/18,23:27:05,292.977135,6.5415,34200,347.114,1.8695,19.056,0.0474,-0.0225,5.21,34.066,344.156,40.2873,-124.6913,2,-9999,-9999,-9999,-9999,2304.56067,0.34623,-9999,2191.52,1.75,2.07,1.31,0.9435,0.0022,465,20,-9999,-64.24
SH-18-12,7,Mendocino,10/19/18,23:30:24,292.979444,7.3886,34900,251.275,2.6436,27.467,0.0417,-0.0275,98.85,34.019,249.191,40.2873,-124.6913,3,2.43,46.06,5.69,0.02,2299.23845,0.85679,-9999,2217.97,0.25,1.74,1.1,0.9721,0.0028,225,25,-9999,-35.88
SH-18-12,7,Mendocino,10/19/18,23:33:04,292.981295,8.5099,35800,151.632,4.143,44.129,0.0533,-0.0372,97.2,33.95,150.411,40.2873,-124.6913,4,1.93,31.41,24.37,0.05,2281.10923,0.42813,-9999,2087.88,0.35,3.25,2.06,1.005,0.0023,>Modern,-9999,-9999,-3.21
SH-18-12,7,Mendocino,10/19/18,23:34:50,292.982522,9.7661,36700,100.743,4.5853,50.137,0.0579,0.0423,98.13,33.714,99.944,40.2873,-124.6913,5,1.82,23.89,21.52,0.02,2257.28558,1.6045,-9999,2121,1.22,2.49,1.58,1.001,0.0024,>Modern,-9999,-9999,-7.2
SH-18-12,7,Mendocino,10/19/18,23:36:51,292.983918,10.6626,37300,48.793,6.1239,68.191,0.0737,0.3575,98.85,33.526,48.412,40.2873,-124.6913,6,1.4,16.27,16.21,0.09,2248.14346,1.05559,-9999,2087.11,1.22,2.87,1.82,1.0093,0.0025,>Modern,-9999,-9999,1.02
SH-18-12,7,Mendocino,10/19/18,23:37:52,292.984628,11.8174,38100,30.593,7.7729,88.595,0.0902,1.3557,77.56,33.327,30.355,40.2873,-124.6913,7,1.07,10.96,10.73,0.17,2243.04819,0.23098,-9999,2060.46,1.56,3.21,2.04,1.006,0.003,>Modern,-9999,-9999,-2.29
SH-18-12,7,Mendocino,10/19/18,23:39:15,292.985587,11.9952,38200,10.291,8.1013,92.665,0.0962,1.7003,93.93,33.294,10.211,40.2873,-124.6913,8,0.82,7.71,7.59,0.12,2240.36846,0.71051,-9999,2046.64,0.75,3.38,2.15,1.0066,0.0026,>Modern,-9999,-9999,-1.68
SH-18-12,7,Mendocino,10/19/18,23:39:18,292.98562,11.9959,38200,10.262,8.0745,92.36,0.1068,1.7552,98.82,33.294,10.183,40.2873,-124.6913,9,-9999,-9999,-9999,-9999,-9999,-9999,-9999,-9999,-9999,-9999,-9999,-9999,-9999,-9999,-9999,-9999,-9999
SH-18-12,9,Pt. Arena,10/21/18,0:05:06,295.003539,5.5011,33400,537.626,0.7528,7.495,0.0874,-0.0153,5.12,34.18,532.878,38.689,-123.8093,1,-9999,-9999,-9999,-9999,-9999,-9999,-9999,-9999,-9999,-9999,-9999,-9999,-9999,-9999,-9999,-9999,-9999
SH-18-12,9,Pt. Arena,10/21/18,0:05:15,295.003634,5.5059,33400,538.039,0.7464,7.432,0.0943,-0.0081,4.81,34.178,533.287,38.689,-123.8093,2,3.32,86.2,38.61,0.07,2331.19285,7.84517,-9999,2199.73,2.81,2.2,1.4,0.894,0.0023,900,20,-9999,-113.3
SH-18-12,9,Pt. Arena,10/21/18,0:09:24,295.006527,7.6054,35200,352.832,1.7146,17.914,0.0723,-0.0078,98.85,34.115,349.872,38.689,-123.8093,3,2.86,55.78,33.16,<0.019,2300.61362,2.28008,-9999,2221.27,1.61,1.68,1.07,0.9573,0.0024,350,20,-9999,-50.52
SH-18-12,9,Pt. Arena,10/21/18,0:11:53,295.008249,8.4217,35800,250.911,2.3476,24.974,0.0615,-0.0205,90.52,34.065,248.867,38.689,-123.8093,4,2.44,39.28,30.79,<0.019,2287.86445,1.3207,-9999,2164.73,0.59,2.25,1.43,0.9877,0.0026,100,20,-9999,-20.35
SH-18-12,9,Pt. Arena,10/21/18,0:14:27,295.010031,9.3755,36500,151.58,3.2462,35.233,0.2416,-0.0078,98.85,33.894,150.381,38.689,-123.8093,5,2.07,28.07,26.16,<0.019,2267.89665,0.7178,-9999,2125.58,0.66,2.55,1.62,1.0063,0.0024,>Modern,-9999,-9999,-1.98
SH-18-12,9,Pt. Arena,10/21/18,0:16:17,295.011304,9.8645,36800,101.404,4.0536,44.433,0.0603,-0.0061,98.85,33.769,100.614,38.689,-123.8093,6,1.87,23.52,23.34,<0.019,2259.7816,0.89514,-9999,2123.28,0.95,2.5,1.59,1.0104,0.003,>Modern,-9999,-9999,2.08
SH-18-12,9,Pt. Arena,10/21/18,0:18:17,295.012695,10.9626,37600,50.17,5.7005,63.899,0.0767,0.2125,95.75,33.557,49.786,38.689,-123.8093,7,1.49,16.42,17.64,<0.019,2246.64466,2.00985,-9999,2072.97,0.18,3.05,1.94,1.0103,0.0025,>Modern,-9999,-9999,2.05
SH-18-12,9,Pt. Arena,10/21/18,0:19:36,295.0136,11.561,37900,30.603,7.4684,84.674,0.0643,0.5743,98.85,33.346,30.37,38.689,-123.8093,8,1.14,11.68,12.35,0.49,2243.28055,1.78141,-9999,2095.68,0.48,2.7,1.72,1.0092,0.0028,>Modern,-9999,-9999,0.9
SH-18-12,9,Pt. Arena,10/21/18,0:21:06,295.01465,13.0113,39300,10.524,8.4527,98.828,0.1215,0.7195,62.33,33.417,10.444,38.689,-123.8093,9,0.67,9,4.58,0.65,2251.09928,0.21956,-9999,2042.98,2.47,3.61,2.3,1.0072,0.003,>Modern,-9999,-9999,-1.05
SH-18-12,9,Pt. Arena,10/21/18,0:21:22,295.014835,13.0118,39300,10.321,8.507,99.464,0.0957,0.7489,98.85,33.417,10.242,38.689,-123.8093,10,-9999,-9999,-9999,-9999,-9999,-9999,-9999,-9999,-9999,-9999,-9999,-9999,-9999,-9999,-9999,-9999,-9999
SH-18-12,10,Pt. Arena,10/22/18,23:52:56,295.995089,5.0365,33100,616.94,0.3926,3.868,0.1263,0.0041,4.06,34.272,611.377,38.6555,-123.8015,1,-9999,-9999,-9999,-9999,-9999,-9999,-9999,-9999,-9999,-9999,-9999,-9999,-9999,-9999,-9999,-9999,-9999
SH-18-12,10,Pt. Arena,10/22/18,23:53:03,295.995171,5.033,33100,617.345,0.3903,3.845,0.1469,0.0029,3.65,34.273,611.778,38.6555,-123.8015,2,-9999,-9999,-9999,-9999,-9999,-9999,-9999,-9999,-9999,-9999,-9999,-9999,-9999,-9999,-9999,-9999,-9999
SH-18-12,10,Pt. Arena,10/22/18,0:05:17,296.003667,14.3967,40300,10.281,8.2856,99.465,0.1253,1.9096,72.97,33.116,10.203,38.6555,-123.8015,3,-9999,-9999,-9999,-9999,-9999,-9999,-9999,-9999,-9999,-9999,-9999,-9999,-9999,-9999,-9999,-9999,-9999
SH-18-12,10,Pt. Arena,10/22/18,0:05:26,296.003762,14.4312,40300,9.899,8.2856,99.532,0.1286,1.7644,74.69,33.113,9.824,38.6555,-123.8015,4,-9999,-9999,-9999,-9999,-9999,-9999,-9999,-9999,-9999,-9999,-9999,-9999,-9999,-9999,-9999,-9999,-9999
SH-18-12,12,La Cruz Canyon2,10/28/18,0:08:41,301.006021,8.5279,35900,234.342,2.6605,28.365,0.1738,-0.0178,4.86,34.039,232.503,35.7475,-121.4247,1,-9999,-9999,-9999,-9999,-9999,-9999,-9999,-9999,-9999,-9999,-9999,-9999,-9999,-9999,-9999,-9999,-9999
SH-18-12,12,La Cruz Canyon2,10/28/18,0:08:46,301.006077,8.5373,35900,233.535,2.6343,28.092,0.1903,-0.0322,5.65,34.038,231.703,35.7475,-121.4247,2,-9999,-9999,-9999,-9999,-9999,-9999,-9999,-9999,-9999,-9999,-9999,-9999,-9999,-9999,-9999,-9999,-9999
SH-18-12,12,La Cruz Canyon2,10/28/18,0:13:59,301.009708,12.8713,39300,9.472,6.5871,76.855,0.1222,1.032,98.85,33.546,9.403,35.7475,-121.4247,3,-9999,-9999,-9999,-9999,-9999,-9999,-9999,-9999,-9999,-9999,-9999,-9999,-9999,-9999,-9999,-9999,-9999
SH-18-12,12,La Cruz Canyon2,10/28/18,0:14:08,301.009803,12.854,39300,9.476,6.5637,76.554,0.1245,1.0475,98.85,33.546,9.407,35.7475,-121.4247,4,-9999,-9999,-9999,-9999,-9999,-9999,-9999,-9999,-9999,-9999,-9999,-9999,-9999,-9999,-9999,-9999,-9999
SH-18-12,11,La Cruz Canyon,10/27/18,1:37:58,300.068031,7.2953,35000,471.595,1.0606,11.01,0.238,-0.0073,3.55,34.205,467.626,35.7423,-121.4914,1,-9999,-9999,-9999,-9999,-9999,-9999,-9999,-9999,-9999,-9999,-9999,-9999,-9999,-9999,-9999,-9999,-9999
SH-18-12,11,La Cruz Canyon,10/27/18,1:38:00,300.068051,7.2957,35000,471.518,1.0561,10.963,0.1951,-0.0006,3.43,34.205,467.55,35.7423,-121.4914,2,2.88,56.31,34.39,<0.019,2218.54843,5.48802,7.433772,2154.27,0.6,0.95,0.6,0.9362,0.0024,530,20,-9999,-71.47
SH-18-12,11,La Cruz Canyon,10/27/18,1:40:11,300.06957,7.3867,35100,403.343,1.1356,11.812,0.1279,0.0004,82.8,34.196,400.015,35.7423,-121.4914,3,-9999,-9999,-9999,-9999,2207.13979,3.28741,7.45101,-9999,-9999,1,0,-9999,-9999,-9999,-9999,-9999,-9999
SH-18-12,11,La Cruz Canyon,10/27/18,1:43:06,300.071592,7.9923,35500,302.576,2.2689,23.909,0.088,-0.0213,98.85,34.085,300.152,35.7423,-121.4914,4,2.48,42.44,31.11,<0.019,2194.00306,12.54639,7.484081,-9999,-9999,1,1,0.9755,0.0026,200,20,-9999,-32.48
SH-18-12,11,La Cruz Canyon,10/27/18,1:45:16,300.073101,8.23,35700,251.032,2.6102,27.647,0.0737,-0.0128,98.85,34.055,249.052,35.7423,-121.4914,5,-9999,-9999,-9999,-9999,2201.70864,13.11645,7.519517,-9999,-9999,1,1,-9999,-9999,-9999,-9999,-9999,-9999
SH-18-12,11,La Cruz Canyon,10/27/18,1:46:59,300.074292,8.7486,36100,201.683,2.9406,31.5,0.2989,-0.0243,68.65,34.006,200.116,35.7423,-121.4914,6,2.22,35.08,29.42,<0.019,2155.146,4.04439,7.543177,-9999,-9999,1,1,0.9889,0.0026,90,20,-9999,-19.15
SH-18-12,11,La Cruz Canyon,10/27/18,1:48:46,300.075526,9.6746,36700,151.339,3.774,41.218,0.1174,-0.027,87.51,33.843,150.181,35.7423,-121.4914,7,1.89,25.58,24.48,<0.019,2175.02827,2.45597,7.575951,-9999,-9999,1,1,1.0031,0.0025,>Modern,-9999,-9999,-5.1
SH-18-12,11,La Cruz Canyon,10/27/18,1:50:14,300.07655,10.4025,37300,102.676,4.4565,49.408,0.111,-0.0058,98.85,33.722,101.903,35.7423,-121.4914,8,1.62,20.39,19.86,<0.019,2089.71187,3.57313,7.6336,-9999,-9999,1,1,1.007,0.0025,>Modern,-9999,-9999,-1.24
SH-18-12,11,La Cruz Canyon,10/27/18,1:52:16,300.07796,11.2656,37900,49.211,5.151,58.137,0.0917,0.0637,71.58,33.62,48.847,35.7423,-121.4914,9,1.33,15.14,15.48,<0.019,2103.89057,7.38438,7.682615,2100.28,0.06,1.29,0.82,1.014,0.0024,>Modern,-9999,-9999,5.73
SH-18-12,11,La Cruz Canyon,10/27/18,1:53:56,300.079111,12.1158,38600,30.19,5.8823,67.561,0.0905,0.2563,98.85,33.544,29.968,35.7423,-121.4914,10,1.12,11.82,12.42,<0.019,-9999,-9999,-9999,-9999,-9999,-9999,-9999,1.0156,0.0024,>Modern,-9999,-9999,7.32
SH-18-12,11,La Cruz Canyon,10/27/18,1:55:13,300.080008,13.3408,39700,4.781,7.3152,86.157,0.3065,1.5536,95.57,33.505,4.746,35.7423,-121.4914,11,0.8,8.58,7.69,<0.019,2088.53736,2.40364,7.807034,-9999,-9999,2,1,-9999,-9999,-9999,-9999,-9999,-9999
SH-18-12,11,La Cruz Canyon,10/27/18,1:55:15,300.080027,13.3466,39700,4.493,7.2769,85.717,0.2977,1.5725,56.84,33.504,4.46,35.7423,-121.4914,12,-9999,-9999,-9999,-9999,-9999,-9999,-9999,-9999,-9999,-9999,-9999,-9999,-9999,-9999,-9999,-9999,-9999
SH-18-12,18,Wind Farm  (south),11/3/18,3:46:11,307.157067,6.3538,34200,465.656,0.6486,6.591,0.1613,0.0086,3.12,34.239,461.775,34.9767,-121.3729,1,-9999,-9999,-9999,-9999,-9999,-9999,-9999,-9999,-9999,-9999,-9999,-9999,-9999,-9999,-9999,-9999,-9999
SH-18-12,18,Wind Farm  (south),11/3/18,3:46:13,307.157086,6.3542,34200,465.559,0.6498,6.602,0.1413,-0.0081,2.77,34.238,461.679,34.9767,-121.3729,2,3.32,77.45,36.73,<0.019,2356.22836,22.95756,7.437543,2265.19,0.01,1.08,0.69,-9999,-9999,-9999,-9999,-9999,-9999
SH-18-12,18,Wind Farm  (south),11/3/18,3:49:57,307.159679,6.573,34200,302.924,1.9601,19.993,0.0537,-0.0123,79.16,34.057,300.517,34.9767,-121.3729,3,2.7,63.12,35.1,<0.019,2312.52589,3.8593,7.461353,-9999,-9999,1,1,-9999,-9999,-9999,-9999,-9999,-9999
SH-18-12,18,Wind Farm  (south),11/3/18,3:52:38,307.161548,8.271,35600,201.879,3.7488,39.726,0.0451,-0.0367,98.85,33.985,200.324,34.9767,-121.3729,4,2.05,34.15,26.96,0.03,2302.85771,6.40879,7.129301,-9999,-9999,0,0,-9999,-9999,-9999,-9999,-9999,-9999
SH-18-12,18,Wind Farm  (south),11/3/18,3:55:11,307.163312,10.0661,36900,99.907,4.1821,46.03,0.0486,-0.0275,74.92,33.725,99.162,34.9767,-121.3729,5,1.77,21.59,22.03,<0.019,2273.74897,11.18536,7.571947,-9999,-9999,1,1,-9999,-9999,-9999,-9999,-9999,-9999
SH-18-12,18,Wind Farm  (south),11/3/18,3:57:02,307.164603,11.9254,38400,50.826,6.3613,72.734,0.064,0.2765,98.85,33.464,50.453,34.9767,-121.3729,6,1.02,8.64,11.04,<0.019,-9999,-9999,-9999,-9999,-9999,-9999,-9999,-9999,-9999,-9999,-9999,-9999,-9999
SH-18-12,18,Wind Farm  (south),11/3/18,3:58:57,307.165932,16.1919,42500,4.702,7.813,97.489,0.1597,1.6261,48.1,33.61,4.668,34.9767,-121.3729,7,0.25,2.2,0.29,0.03,2245.74215,0.67495,7.942657,2030.45,1.68,3.32,2.13,-9999,-9999,-9999,-9999,-9999,-9999
SH-18-12,17,Wind Farm (E. Santa Lucia Bank),11/1/18,22:06:25,305.921118,6.4928,34300,458.733,0.7737,7.885,0.1723,0.0044,3.49,34.217,454.922,34.861,-121.0425,1,-9999,-9999,-9999,-9999,-9999,-9999,-9999,-9999,-9999,-9999,-9999,-9999,-9999,-9999,-9999,-9999,-9999
SH-18-12,17,Wind Farm (E. Santa Lucia Bank),11/1/18,22:06:30,305.92117,6.4861,34300,458.931,0.7778,7.926,0.2138,0.0024,3.88,34.217,455.118,34.861,-121.0425,2,3.24,73.48,36.51,<0.019,2231.14033,12.63561,7.412827,2233.66,0.74,0.74,0.47,-9999,-9999,-9999,-9999,-9999,-9999
SH-18-12,17,Wind Farm (E. Santa Lucia Bank),11/1/18,22:10:55,305.924237,7.5742,35100,302.011,2.1315,22.251,0.0471,0.0019,98.26,34.097,299.615,34.861,-121.0425,4,2.58,45.94,32.02,<0.019,2237.07206,4.24688,7.462867,-9999,-9999,1,1,-9999,-9999,-9999,-9999,-9999,-9999
SH-18-12,17,Wind Farm (E. Santa Lucia Bank),11/1/18,22:13:32,305.926056,8.8017,36200,202.549,2.418,25.947,0.0531,-0.0213,80.84,34.095,200.99,34.861,-121.0425,5,2.36,35.73,28.7,<0.019,2285.83803,95.90443,7.507097,-9999,-9999,1,1,-9999,-9999,-9999,-9999,-9999,-9999
SH-18-12,17,Wind Farm (E. Santa Lucia Bank),11/1/18,22:16:21,305.928016,9.8255,36800,99.728,4.1748,45.731,0.0452,-0.023,76.45,33.796,98.986,34.861,-121.0425,6,1.8,23.17,22.08,0.02,2201.40647,0.68403,7.608197,-9999,-9999,1,1,-9999,-9999,-9999,-9999,-9999,-9999
SH-18-12,17,Wind Farm (E. Santa Lucia Bank),11/1/18,22:18:06,305.929231,11.0583,37700,50.798,5.1929,58.354,0.0592,0.114,98.85,33.627,50.425,34.861,-121.0425,7,1.36,14.96,15.88,<0.019,-9999,-9999,-9999,-9999,-9999,-9999,-9999,-9999,-9999,-9999,-9999,-9999,-9999
SH-18-12,17,Wind Farm (E. Santa Lucia Bank),11/1/18,22:19:50,305.930436,15.2156,41600,5.158,7.9877,97.748,0.198,1.5087,98.85,33.572,5.121,34.861,-121.0425,8,0.39,3.99,1.46,0.13,2206.40197,1.64529,7.901714,2051.2,3.1,2.77,1.78,-9999,-9999,-9999,-9999,-9999,-9999
SH-18-12,17,Wind Farm (E. Santa Lucia Bank),11/1/18,22:19:54,305.930479,15.3214,41700,4.671,8.0332,98.512,0.1777,1.4514,56.3,33.574,4.637,34.861,-121.0425,9,-9999,-9999,-9999,-9999,-9999,-9999,-9999,-9999,-9999,-9999,-9999,-9999,-9999,-9999,-9999,-9999,-9999
SH-18-12,16,Santa Lucia I,10/31/18,23:06:43,304.962988,5.7784,33800,544.775,0.4588,4.601,0.1333,0.0041,3.56,34.282,540.145,34.6784,-121.174,1,-9999,-9999,-9999,-9999,-9999,-9999,-9999,-9999,-9999,-9999,-9999,-9999,-9999,-9999,-9999,-9999,-9999
SH-18-12,16,Santa Lucia I,10/31/18,23:06:47,304.963043,5.7633,33800,545.183,0.4586,4.597,0.1043,0.0026,2.46,34.284,540.549,34.6784,-121.174,2,3.4,86.97,38.91,0.02,2190.28937,29.78938,7.194141,2309.03,0.75,0.38,0.24,0.8733,0.002,1090,20,-9999,-134.55
SH-18-12,16,Santa Lucia I,10/31/18,23:10:06,304.965344,7.0203,34800,403.45,0.9345,9.641,0.0322,0.0064,98.64,34.22,400.158,34.6784,-121.174,3,3.13,66.26,36.29,0.06,2212.0623,1.00219,7.402885,-9999,-9999,1,0,-9999,-9999,-9999,-9999,-9999,-9999
SH-18-12,16,Santa Lucia I,10/31/18,23:12:47,304.967206,7.7757,35400,302.665,1.198,12.574,0.0467,-0.0036,98.68,34.218,300.268,34.6784,-121.174,4,2.78,56.37,33.67,<0.019,2189.51245,30.34616,7.440635,-9999,-9999,1,0,0.9483,0.0021,425,20,-9999,-60.35
SH-18-12,16,Santa Lucia I,10/31/18,23:15:17,304.968945,8.5592,35900,201.634,2.8733,30.657,0.0444,-0.0195,98.85,34.046,200.086,34.6784,-121.174,5,2.29,35.92,28.55,0.03,2135.43644,2.80921,-9999,-9999,-9999,-9999,-9999,0.9874,0.0022,100,20,-9999,-21.78
SH-18-12,16,Santa Lucia I,10/31/18,23:16:59,304.970124,9.0914,36300,151.016,3.6877,39.782,0.0469,-0.03,98.85,33.923,149.875,34.6784,-121.174,6,2.03,29.14,25.53,<0.019,-9999,-9999,-9999,-9999,-9999,-9999,-9999,-9999,-9999,-9999,-9999,-9999,-9999
SH-18-12,16,Santa Lucia I,10/31/18,23:18:38,304.971262,9.7779,36700,100.453,4.4009,48.152,0.0417,-0.0058,98.85,33.776,99.706,34.6784,-121.174,7,1.77,22.94,22.42,0.04,2147.44568,7.0508,7.601457,-9999,-9999,1,1,0.9945,0.003,45,25,-9999,-14.83
SH-18-12,16,Santa Lucia I,10/31/18,23:20:17,304.972414,11.8317,38200,49.761,6.5525,74.751,0.0623,0.2421,83.95,33.419,49.397,34.6784,-121.174,8,0.94,8.2,10.01,<0.019,-9999,-9999,-9999,-9999,-9999,-9999,-9999,1.014,0.0024,>Modern,-9999,-9999,4.31
SH-18-12,16,Santa Lucia I,10/31/18,23:21:39,304.973367,12.6896,39000,29.139,7.1342,82.833,0.0818,0.488,78.13,33.368,28.927,34.6784,-121.174,9,0.68,5.27,5.8,0.2,-9999,-9999,-9999,-9999,-9999,-9999,-9999,-9999,-9999,-9999,-9999,-9999,-9999
SH-18-12,16,Santa Lucia I,10/31/18,23:23:18,304.974502,14.8955,41200,5.264,8.5645,104.117,0.2957,4.1578,84.85,33.537,5.226,34.6784,-121.174,10,0.33,2.73,1.03,0.06,2123.88743,2.48229,7.943304,2020.15,0.01,2.61,1.67,-9999,-9999,-9999,-9999,-9999,-9999
SH-18-12,16,Santa Lucia I,10/31/18,23:23:26,304.974603,14.8972,41200,5.34,8.6001,104.553,0.3372,4.1568,98.85,33.537,5.302,34.6784,-121.174,11,-9999,-9999,-9999,-9999,-9999,-9999,-9999,-9999,-9999,-9999,-9999,-9999,-9999,-9999,-9999,-9999,-9999
SH-18-12,19,Arguello Canyon,11/4/18,0:59:02,308.04099,7.7074,35300,335.2,1.4988,15.7,0.5086,0.0064,5.14,34.161,332.522,34.5884,-120.8319,1,-9999,-9999,-9999,-9999,-9999,-9999,-9999,-9999,-9999,-9999,-9999,-9999,-9999,-9999,-9999,-9999,-9999
SH-18-12,19,Arguello Canyon,11/4/18,0:59:09,308.041069,7.7108,35300,335.434,1.4985,15.699,0.4046,-0.0019,5.19,34.16,332.754,34.5884,-120.8319,2,2.73,51.27,31.81,0.1,2260.10585,2.30971,7.61479,2233.6,0.76,1.14,0.72,-9999,-9999,-9999,-9999,-9999,-9999
SH-18-12,19,Arguello Canyon,11/4/18,1:02:20,308.043283,8.8494,36200,201.759,2.909,31.235,0.058,-0.0275,93.66,34.029,200.211,34.5884,-120.8319,3,2.28,35.68,27.78,0.1,2285.5716,0.67527,7.542631,-9999,-9999,1,1,-9999,-9999,-9999,-9999,-9999,-9999
SH-18-12,19,Arguello Canyon,11/4/18,1:04:18,308.044647,9.3391,36500,151.454,3.4964,37.924,0.1082,0.0724,98.85,33.915,150.31,34.5884,-120.8319,4,2.01,28.34,24.9,0.11,-9999,-9999,-9999,-9999,-9999,-9999,-9999,-9999,-9999,-9999,-9999,-9999,-9999
SH-18-12,19,Arguello Canyon,11/4/18,1:06:26,308.046131,10.1784,37100,101.035,4.1455,45.75,0.0662,-0.023,97.6,33.762,100.285,34.5884,-120.8319,5,1.72,21.88,20.62,0.04,2313.28614,3.79459,7.539864,-9999,-9999,1,1,-9999,-9999,-9999,-9999,-9999,-9999
SH-18-12,19,Arguello Canyon,11/4/18,1:08:18,308.047424,12.2041,38700,49.693,5.9141,68.057,0.0753,0.2767,98.85,33.557,49.329,34.5884,-120.8319,6,1,10.5,10.92,0.2,-9999,-9999,-9999,-9999,-9999,-9999,-9999,-9999,-9999,-9999,-9999,-9999,-9999
SH-18-12,19,Arguello Canyon,11/4/18,1:09:57,308.048566,17.0273,43400,5.431,7.7874,98.777,0.1367,1.3061,60.48,33.644,5.392,34.5884,-120.8319,7,0.23,1.73,0.13,0.07,2261.9497,3.70111,7.954858,2018.17,1.11,3.59,2.31,-9999,-9999,-9999,-9999,-9999,-9999
SH-18-12,19,Arguello Canyon,11/4/18,1:09:58,308.048586,17.0299,43400,5.499,7.7349,98.116,0.1375,1.2431,90.09,33.644,5.459,34.5884,-120.8319,8,-9999,-9999,-9999,-9999,-9999,-9999,-9999,-9999,-9999,-9999,-9999,-9999,-9999,-9999,-9999,-9999,-9999
SH-18-12,20,Pt. Concepcion,11/4/18,23:36:45,308.983854,10.4953,37300,114.763,4.3517,48.341,0.1691,-0.0036,2.19,33.715,113.908,34.5041,-120.7138,1,-9999,-9999,-9999,-9999,-9999,-9999,-9999,-9999,-9999,-9999,-9999,-9999,-9999,-9999,-9999,-9999,-9999
SH-18-12,20,Pt. Concepcion,11/4/18,23:36:49,308.983896,10.4576,37300,114.593,4.4322,49.198,0.1358,0.0173,2.53,33.724,113.739,34.5041,-120.7138,2,-9999,-9999,-9999,-9999,-9999,-9999,-9999,-9999,-9999,-9999,-9999,-9999,-9999,-9999,-9999,-9999,-9999
SH-18-12,20,Pt. Concepcion,11/4/18,23:39:45,308.985926,17.0561,43400,9,7.8197,99.231,0.0997,1.0963,89.03,33.623,8.935,34.5041,-120.7138,3,-9999,-9999,-9999,-9999,-9999,-9999,-9999,-9999,-9999,-9999,-9999,-9999,-9999,-9999,-9999,-9999,-9999
SH-18-12,15,Anacapa,10/31/18,5:51:21,304.243991,6.3804,34300,530.133,0.4004,4.073,0.1099,0.0121,21.76,34.321,525.678,33.9835,-119.3454,1,-9999,-9999,-9999,-9999,-9999,-9999,-9999,-9999,-9999,-9999,-9999,-9999,-9999,-9999,-9999,-9999,-9999
SH-18-12,15,Anacapa,10/31/18,5:51:23,304.244013,6.3821,34300,530.126,0.4008,4.077,0.116,0.0004,21.61,34.321,525.671,33.9835,-119.3454,2,3.2,70.74,36.43,<0.019,2338.14907,4.85584,7.391189,2301.76,1.84,0.84,0.53,0.8826,0.0024,1000,20,-9999,-124.87
SH-18-12,15,Anacapa,10/31/18,5:54:42,304.246312,7.5737,35300,403.792,0.9376,9.798,0.0535,-0.0131,98.85,34.254,400.52,33.9835,-119.3454,3,-9999,-9999,-9999,-9999,-9999,-9999,-9999,-9999,-9999,-9999,-9999,-9999,-9999,-9999,-9999,-9999,-9999
SH-18-12,15,Anacapa,10/31/18,5:54:44,304.246342,7.5727,35300,403.321,0.9381,9.803,0.0503,-0.0073,98.85,34.254,400.054,33.9835,-119.3454,4,2.93,54.13,34.07,<0.019,2342.49437,5.43299,7.41967,-9999,-9999,1,0,0.9308,0.0021,575,20,-9999,-77.19
SH-18-12,15,Anacapa,10/31/18,5:58:46,304.249141,8.8993,36400,251.867,2.1312,22.927,0.048,-0.0091,69.66,34.15,249.918,33.9835,-119.3454,5,-9999,-9999,-9999,-9999,-9999,-9999,-9999,-9999,-9999,-9999,-9999,-9999,-9999,-9999,-9999,-9999,-9999
SH-18-12,15,Anacapa,10/31/18,5:58:51,304.249194,8.8994,36400,252.077,2.1416,23.039,0.054,-0.0108,98.85,34.15,250.126,33.9835,-119.3454,6,2.44,36.36,28.78,0.07,2286.60102,1.10233,7.480764,2198.81,1,1.2,0.76,0.9878,0.0021,100,15,-9999,-20.77
SH-18-12,15,Anacapa,10/31/18,6:03:04,304.252119,11.2174,37900,100.832,5.4138,61.03,0.0597,0.1546,98.85,33.596,100.089,33.9835,-119.3454,7,-9999,-9999,-9999,-9999,-9999,-9999,-9999,-9999,-9999,-9999,-9999,-9999,-9999,-9999,-9999,-9999,-9999
SH-18-12,15,Anacapa,10/31/18,6:03:05,304.252138,11.2105,37900,100.775,5.4037,60.909,0.0528,0.1332,98.85,33.598,100.032,33.9835,-119.3454,8,1.34,14.79,15.61,<0.019,2249.78267,11.05001,7.676296,-9999,-9999,2,1,1.0117,0.0022,>Modern,-9999,-9999,2.84
SH-18-12,15,Anacapa,10/31/18,6:05:29,304.253804,13.6133,40000,49.885,7.083,83.898,0.0864,0.7537,80.66,33.522,49.523,33.9835,-119.3454,9,0.64,5.84,4.94,<0.019,-9999,-9999,-9999,-9999,-9999,-9999,-9999,-9999,-9999,-9999,-9999,-9999,-9999
SH-18-12,15,Anacapa,10/31/18,6:07:23,304.255119,19.1956,45600,4.968,7.5923,100.378,0.1035,0.4719,4.18,33.709,4.933,33.9835,-119.3454,10,0.18,1.41,0.26,<0.019,2096.10171,1.39644,7.968079,2015.32,0.04,2.94,1.9,1.0193,0.0028,>Modern,-9999,-9999,10.24
SH-18-12,15,Anacapa,10/31/18,6:07:24,304.255136,19.2192,45600,4.666,7.6315,100.941,0.108,0.498,22.61,33.71,4.632,33.9835,-119.3454,11,-9999,-9999,-9999,-9999,-9999,-9999,-9999,-9999,-9999,-9999,-9999,-9999,-9999,-9999,-9999,-9999,-9999
SH-18-12,13,Gull Island,10/30/18,1:02:21,303.043291,6.6516,34600,557.452,0.5541,5.671,0.073,0.0044,84.18,34.304,552.735,33.9204,-119.8018,1,-9999,-9999,-9999,-9999,2216.24473,14.35649,6.988469,2290.65,4.64,0.33,0.21,0.8936,0.0023,905,20,-9999,-113.7
SH-18-12,13,Gull Island,10/30/18,1:02:22,303.043309,6.6526,34600,557.293,0.5545,5.675,0.0989,0.0064,98.85,34.304,552.577,33.9204,-119.8018,2,2.3,45.05,20.19,0.47,-9999,-9999,-9999,-9999,-9999,-9999,-9999,-9999,-9999,-9999,-9999,-9999,-9999
SH-18-12,13,Gull Island,10/30/18,1:06:27,303.046136,7.6481,35400,404.054,1.0776,11.279,0.0759,-0.0053,98.85,34.239,400.782,33.9204,-119.8018,3,-9999,-9999,-9999,-9999,2174.82149,4.48493,7.436793,-9999,-9999,1,0,0.9393,0.0024,505,20,-9999,-68.4
SH-18-12,13,Gull Island,10/30/18,1:09:21,303.048157,8.3928,35900,302.51,1.9228,20.452,0.0845,-0.021,75.8,34.143,300.135,33.9204,-119.8018,4,-9999,-9999,-9999,-9999,2207.74838,15.259,7.479445,2238.19,1.53,0.81,0.52,0.9651,0.0021,285,15,-9999,-42.84
SH-18-12,13,Gull Island,10/30/18,1:09:23,303.048179,8.3926,35900,302.543,1.921,20.433,0.0842,-0.0061,98.85,34.143,300.166,33.9204,-119.8018,5,1.89,27.51,17.67,0.54,-9999,-9999,-9999,-9999,-9999,-9999,-9999,-9999,-9999,-9999,-9999,-9999,-9999
SH-18-12,13,Gull Island,10/30/18,1:12:04,303.050043,9.2309,36500,201.435,2.9011,31.413,0.0662,-0.0215,98.85,34.02,199.901,33.9204,-119.8018,6,-9999,-9999,-9999,-9999,2282.43065,1.45277,7.521421,-9999,-9999,1,1,0.9956,0.0022,35,15,-9999,-12.51
SH-18-12,13,Gull Island,10/30/18,1:12:06,303.050061,9.2317,36500,201.237,2.8932,31.328,0.0673,-0.0255,98.85,34.02,199.705,33.9204,-119.8018,7,2.19,32.24,27.07,<0.019,-9999,-9999,-9999,-9999,-9999,-9999,-9999,-9999,-9999,-9999,-9999,-9999,-9999
SH-18-12,13,Gull Island,10/30/18,1:15:11,303.052208,10.634,37400,100.198,4.7589,53.011,0.0587,0.0483,89.73,33.679,99.459,33.9204,-119.8018,8,-9999,-9999,-9999,-9999,2083.97401,1.09211,7.655979,2130.26,1.56,1.1,0.7,1.0112,0.0022,>Modern,-9999,-9999,2.92
SH-18-12,13,Gull Island,10/30/18,1:15:13,303.052226,10.6335,37400,100.301,4.7453,52.858,0.0627,0.037,91.15,33.679,99.562,33.9204,-119.8018,9,1.52,18.19,18.37,0.53,-9999,-9999,-9999,-9999,-9999,-9999,-9999,-9999,-9999,-9999,-9999,-9999,-9999
SH-18-12,13,Gull Island,10/30/18,1:16:59,303.05346,12.8427,39300,50.464,6.693,78.026,0.0734,0.5596,98.85,33.509,50.098,33.9204,-119.8018,10,-9999,-9999,-9999,-9999,-9999,-9999,-9999,-9999,-9999,-9999,-9999,-9999,-9999,-9999,-9999,-9999,-9999
SH-18-12,13,Gull Island,10/30/18,1:17:59,303.054151,14.9749,41300,29.911,7.9128,96.332,0.1055,1.3829,98.85,33.512,29.696,33.9204,-119.8018,11,2.38,39.75,28.25,<0.019,-9999,-9999,-9999,-9999,-9999,-9999,-9999,0.9543,0.0021,375,20,-9999,-53.59
SH-18-12,13,Gull Island,10/30/18,1:19:14,303.05502,18.4647,44700,4.601,7.9912,104.169,0.1401,0.7661,98.85,33.632,4.568,33.9204,-119.8018,12,0.16,1.42,0.14,<0.019,2265.56058,0.14423,7.969317,-9999,-9999,4,2,-9999,-9999,-9999,-9999,-9999,-9999
SH-18-12,14,Gull Island 2,10/30/18,10:34:18,303.440479,6.2644,34200,530.314,0.41,4.159,0.0626,0.0118,48.95,34.328,525.86,33.9202,-119.8013,1,-9999,-9999,-9999,-9999,-9999,-9999,-9999,-9999,-9999,-9999,-9999,-9999,-9999,-9999,-9999,-9999,-9999
SH-18-12,14,Gull Island 2,10/30/18,10:37:52,303.442961,7.229,35000,402.541,0.8367,8.676,0.0779,-0.0021,78.5,34.264,399.283,33.9202,-119.8013,2,-9999,-9999,-9999,-9999,-9999,-9999,-9999,-9999,-9999,-9999,-9999,-9999,-9999,-9999,-9999,-9999,-9999
SH-18-12,14,Gull Island 2,10/30/18,10:41:58,303.445807,8.2204,35800,301.485,1.5754,16.698,0.0601,-0.0265,74.02,34.191,299.118,33.9202,-119.8013,3,-9999,-9999,-9999,-9999,-9999,-9999,-9999,-9999,-9999,-9999,-9999,-9999,-9999,-9999,-9999,-9999,-9999
SH-18-12,14,Gull Island 2,10/30/18,10:44:40,303.447682,9.0051,36300,201.143,2.6132,28.163,0.0663,-0.0275,98.85,34.063,199.613,33.9202,-119.8013,4,-9999,-9999,-9999,-9999,-9999,-9999,-9999,-9999,-9999,-9999,-9999,-9999,-9999,-9999,-9999,-9999,-9999
SH-18-12,14,Gull Island 2,10/30/18,10:47:44,303.449809,10.7934,37600,99.374,4.9107,54.883,0.0582,0.0458,52.94,33.662,98.642,33.9202,-119.8013,5,-9999,-9999,-9999,-9999,-9999,-9999,-9999,-9999,-9999,-9999,-9999,-9999,-9999,-9999,-9999,-9999,-9999
SH-18-12,14,Gull Island 2,10/30/18,10:49:56,303.451337,12.1674,38700,49.692,5.9644,68.573,0.0616,0.3889,98.85,33.533,49.332,33.9202,-119.8013,6,-9999,-9999,-9999,-9999,-9999,-9999,-9999,-9999,-9999,-9999,-9999,-9999,-9999,-9999,-9999,-9999,-9999
SH-18-12,14,Gull Island 2,10/30/18,10:51:38,303.452519,13.5836,39900,29.792,7.3302,86.758,0.0861,0.8157,73.13,33.493,29.577,33.9202,-119.8013,7,-9999,-9999,-9999,-9999,-9999,-9999,-9999,-9999,-9999,-9999,-9999,-9999,-9999,-9999,-9999,-9999,-9999
SH-18-12,21,Sverdup,11/6/18,7:27:06,310.310482,6.6459,34400,367.5,0.8314,8.504,0.0294,-0.0146,22.2,34.228,364.581,33.1442,-120.353,1,-9999,-9999,-9999,-9999,-9999,-9999,-9999,-9999,-9999,-9999,-9999,-9999,-9999,-9999,-9999,-9999,-9999
SH-18-12,21,Sverdrup,11/6/18,7:27:08,310.310506,6.6481,34400,368.189,0.823,8.419,0.0286,-0.0026,21.76,34.227,365.263,33.1442,-120.353,2,3.09,69.83,36.43,<0.019,2332.28854,20.44564,7.458876,2207.38,0.73,1.25,0.79,-9999,-9999,-9999,-9999,-9999,-9999
SH-18-12,21,Sverdrup,11/6/18,7:30:58,310.313165,7.9725,35400,203.04,2.673,28.152,0.0259,-0.0121,98.84,34.07,201.507,33.1442,-120.353,3,2.38,40.55,29.42,<0.019,2291.59678,8.76954,7.544193,-9999,-9999,1,1,-9999,-9999,-9999,-9999,-9999,-9999
SH-18-12,21,Sverdrup,11/6/18,7:33:07,310.314661,8.5615,35900,151.013,3.2827,35.024,0.0281,-0.0228,74.12,34.031,149.892,33.1442,-120.353,4,2.15,33.76,26.71,0.05,-9999,-9999,-9999,-9999,-9999,-9999,-9999,-9999,-9999,-9999,-9999,-9999,-9999
SH-18-12,21,Sverdrup,11/6/18,7:34:53,310.31588,9.0868,36200,98.834,3.4211,36.903,0.0383,-0.0387,98.67,33.924,98.113,33.1442,-120.353,5,2.07,29.52,25.64,<0.019,2258.81943,1.31081,7.58946,-9999,-9999,1,1,-9999,-9999,-9999,-9999,-9999,-9999
SH-18-12,21,Sverdrup,11/6/18,7:37:08,310.317453,10.6392,37400,51.062,5.1191,57.018,0.0358,0.2319,79.89,33.649,50.695,33.1442,-120.353,6,1.44,15.93,16.79,0.02,-9999,-9999,-9999,-9999,-9999,-9999,-9999,-9999,-9999,-9999,-9999,-9999,-9999
SH-18-12,21,Sverdrup,11/6/18,7:38:38,310.318491,13.9867,40400,29.711,7.5728,90.414,0.125,1.9443,98.85,33.575,29.5,33.1442,-120.353,7,0.59,2.79,4.04,0.05,-9999,-9999,-9999,-9999,-9999,-9999,-9999,-9999,-9999,-9999,-9999,-9999,-9999
SH-18-12,21,Sverdrup,11/6/18,7:39:49,310.319313,18.5375,45000,5.217,7.3512,96.059,0.0719,0.2526,5.07,33.809,5.18,33.1442,-120.353,8,0.2,1.18,0.06,<0.019,2266.67462,14.75382,7.988538,2022.64,0.6,3.89,2.51,-9999,-9999,-9999,-9999,-9999,-9999
SH-18-12,21,Sverdrup,11/6/18,7:39:51,310.319339,18.5406,45000,5.897,7.3574,96.146,0.077,0.2483,5,33.809,5.856,33.1442,-120.353,9,-9999,-9999,-9999,-9999,-9999,-9999,-9999,-9999,-9999,-9999,-9999,-9999,-9999,-9999,-9999,-9999,-9999
SH-18-12,22,Sverdup 2,11/7/18,5:56:24,311.247497,5.7146,33700,585.812,0.4414,4.42,0.0322,-0.0123,17.63,34.297,580.853,33.13,-120.3934,1,-9999,-9999,-9999,-9999,-9999,-9999,-9999,-9999,-9999,-9999,-9999,-9999,-9999,-9999,-9999,-9999,-9999
SH-18-12,22,Sverdup 2,11/7/18,5:56:31,311.247578,5.7147,33700,587.352,0.4379,4.385,0.0324,0.0001,15.98,34.297,582.378,33.13,-120.3934,2,3.21,88.17,39.77,0.07,2316.80674,1.65949,7.43309,2303.84,2.44,0.79,0.5,0.8628,0.0019,1190,20,-9999,-145.66
SH-18-12,22,Sverdup 2,11/7/18,5:58:42,311.249088,6.0982,34000,503.964,0.5956,6.016,0.0264,0.0019,80.44,34.258,499.797,33.13,-120.3934,3,3.16,80.84,42.9,<0.019,2303.37177,1.79725,7.446507,-9999,-9999,1,0,-9999,-9999,-9999,-9999,-9999,-9999
SH-18-12,22,Sverdup 2,11/7/18,6:01:09,311.250796,6.5034,34300,402.244,0.7522,7.669,0.029,-0.0213,98.85,34.233,399.015,33.13,-120.3934,4,3.04,73.36,45.28,<0.019,2283.27917,4.26735,7.437476,-9999,-9999,1,0,-9999,-9999,-9999,-9999,-9999,-9999
SH-18-12,22,Sverdup 2,11/7/18,6:03:51,311.252672,7.156,34800,302.301,1.0796,11.172,0.0284,-0.0106,83.54,34.208,299.947,33.13,-120.3934,5,2.89,62.64,47.1,<0.019,2256.93871,3.78748,7.464732,-9999,-9999,1,1,0.9361,0.0022,530,20,-9999,-73.19
SH-18-12,22,Sverdup 2,11/7/18,6:06:25,311.254452,8.0573,35500,202.596,2.7521,29.039,0.0344,-0.0352,83.09,34.06,201.067,33.13,-120.3934,6,2,33.64,22.52,<0.019,2221.69168,6.2923,7.543506,-9999,-9999,1,1,-9999,-9999,-9999,-9999,-9999,-9999
SH-18-12,22,Sverdup 2,11/7/18,6:09:08,311.256331,9.3339,36400,100.883,3.6391,39.457,0.033,-0.0275,98.85,33.879,100.146,33.13,-120.3934,7,1.97,27.63,23.94,0.07,2192.54588,5.92834,7.597135,-9999,-9999,1,1,1.0053,0.002,>Modern,-9999,-9999,-4.72
SH-18-12,22,Sverdup 2,11/7/18,6:11:00,311.257635,11.4309,38100,51.005,5.4454,61.689,0.1139,2.1858,73.7,33.654,50.639,33.13,-120.3934,8,1.37,12.52,15.41,<0.019,-9999,-9999,-9999,-9999,-9999,-9999,-9999,-9999,-9999,-9999,-9999,-9999,-9999
SH-18-12,22,Sverdup 2,11/7/18,6:12:17,311.258521,17.0095,43500,30.946,7.6588,97.166,0.1279,1.8483,98.85,33.735,30.725,33.13,-120.3934,9,0.33,1.3,0.73,<0.019,-9999,-9999,-9999,-9999,-9999,-9999,-9999,1.015,0.0025,>Modern,-9999,-9999,4.69
SH-18-12,22,Sverdup 2,11/7/18,6:13:25,311.259314,18.7687,45300,4.447,7.3666,96.694,0.0796,0.2306,65.52,33.835,4.416,33.13,-120.3934,10,0.22,1.04,0.06,<0.019,2192.4707,0.13001,7.995355,2022.62,1.6,3.51,2.27,-9999,-9999,-9999,-9999,-9999,-9999
SH-18-12,22,Sverdup 2,11/7/18,6:13:34,311.259419,18.732,45200,4.281,7.3244,96.071,0.0823,0.2224,98.87,33.832,4.251,33.13,-120.3934,11,-9999,-9999,-9999,-9999,-9999,-9999,-9999,-9999,-9999,-9999,-9999,-9999,-9999,-9999,-9999,-9999,-9999